epoch,step,train/cardinality_error,train/cardinality_error_0,train/cardinality_error_1,train/cardinality_error_enc,train/class_error,train/loss,train/loss_bbox,train/loss_bbox_0,train/loss_bbox_1,train/loss_bbox_enc,train/loss_ce,train/loss_ce_0,train/loss_ce_1,train/loss_ce_enc,train/loss_giou,train/loss_giou_0,train/loss_giou_1,train/loss_giou_enc,train/lr,train/lr_max,train/lr_min,val/AP/scoreboards,val/F1,val/ema_mAP_50,val/ema_mAP_50_95,val/ema_mAR,val/loss,val/mAP_50,val/mAP_50_95,val/mAP_75,val/mAR,val/precision,val/recall
0,4,,,,,,,,,,,,,,,,,,,,,,0.25823596119880676,0.40336135029792786,0.2608546316623688,0.23118680715560913,0.8955555558204651,6.639420986175537,0.290804386138916,0.25823596119880676,0.27046486735343933,0.8844444155693054,0.3243243098258972,0.5333333611488342
0,4,3873.96875,3878.862548828125,3858.99365234375,3863.15625,10.865384101867676,20.463361740112305,0.16932030022144318,0.16259843111038208,0.1528218388557434,0.1660088449716568,3.5496878623962402,3.512432813644409,3.4316768646240234,3.3046443462371826,0.42926543951034546,0.4254710078239441,0.40268588066101074,0.44816285371780396,,,,,,,,,,,,,,,
1,9,,,,,,,,,,,,,,,,,,,,,,0.9284045696258545,0.9887640476226807,0.9737960696220398,0.9258326292037964,0.9622222185134888,3.4477150440216064,0.974323034286499,0.9284045696258545,0.9548436999320984,0.9622222185134888,1.0,0.9777777791023254
1,9,3898.768798828125,3897.8125,3898.737548828125,3893.28759765625,0.0,5.0553998947143555,0.006500189658254385,0.007729138247668743,0.006585427559912205,0.01642199233174324,1.0265966653823853,1.1661454439163208,1.0711047649383545,1.1383625268936157,0.044572241604328156,0.05161266773939133,0.043920356780290604,0.093398317694664,,,,,,,,,,,,,,,
2,14,,,,,,,,,,,,,,,,,,,,,,0.9279870986938477,0.9887640476226807,0.9751399159431458,0.9284269213676453,0.9644444584846497,2.5018138885498047,0.9758203029632568,0.9279870986938477,0.9702970385551453,0.9622222185134888,1.0,0.9777777791023254
2,14,3899.043701171875,3899.16259765625,3899.05615234375,3898.21875,0.0,3.1774959564208984,0.00735537800937891,0.008028190582990646,0.0074605792760849,0.013770602643489838,0.5023072957992554,0.8907202482223511,0.5465848445892334,0.5318323373794556,0.05564514547586441,0.05967707186937332,0.055615492165088654,0.09055085480213165,,,,,,,,,,,,,,,
3,19,,,,,,,,,,,,,,,,,,,,,,0.9342254400253296,0.9887640476226807,0.997029721736908,0.9475046992301941,0.9688888788223267,2.5672500133514404,0.9975752830505371,0.9342254400253296,0.9965055584907532,0.9599999785423279,1.0,0.9777777791023254
3,19,3898.300048828125,3898.84375,3898.02490234375,3897.887451171875,0.0,2.6259028911590576,0.00759259844198823,0.007369754370301962,0.00757821649312973,0.01890159770846367,0.2907524108886719,0.8651553988456726,0.32922324538230896,0.39326319098472595,0.05266086384654045,0.05295935273170471,0.053203802555799484,0.11132512986660004,,,,,,,,,,,,,,,
4,24,,,,,,,,,,,,,,,,,,,,,,0.8973332047462463,0.9887640476226807,0.9975752830505371,0.9023260474205017,0.9377777576446533,2.2575972080230713,0.9975752830505371,0.8973332047462463,0.9702970385551453,0.9288889169692993,1.0,0.9777777791023254
4,24,3896.86865234375,3898.518798828125,3898.737548828125,3897.28759765625,0.0,2.749025583267212,0.007931092754006386,0.009482286870479584,0.009037427604198456,0.027546534314751625,0.27271947264671326,0.7122359275817871,0.30251210927963257,0.44188016653060913,0.07113011926412582,0.0756196528673172,0.07591358572244644,0.15218201279640198,,,,,,,,,,,,,,,
5,29,,,,,,,,,,,,,,,,,,,,,,0.9390117526054382,0.9887640476226807,0.9981435537338257,0.9404283761978149,0.9777777791023254,2.4038069248199463,0.9981435537338257,0.9390117526054382,0.9981435537338257,0.9755555391311646,1.0,0.9777777791023254
5,29,3896.88134765625,3898.28125,3898.706298828125,3897.574951171875,0.0,2.3890085220336914,0.008126409724354744,0.006620483938604593,0.010354005731642246,0.022817257791757584,0.25524282455444336,0.601143479347229,0.2843632698059082,0.4310360550880432,0.058500148355960846,0.05140724033117294,0.06428582221269608,0.11462309211492538,,,,,,,,,,,,,,,
6,34,,,,,,,,,,,,,,,,,,,,,,0.9344934821128845,0.9887640476226807,0.9987360239028931,0.9320405721664429,0.9599999785423279,2.1818535327911377,0.9987360239028931,0.9344934821128845,0.9987360239028931,0.9666666388511658,1.0,0.9777777791023254
6,34,3894.268798828125,3898.518798828125,3897.574951171875,3897.53125,0.0,2.457308769226074,0.007497980259358883,0.008538534864783287,0.007554697338491678,0.019144207239151,0.2269163578748703,0.6671596765518188,0.23230674862861633,0.45258861780166626,0.06603425741195679,0.06875137984752655,0.06562332808971405,0.13192112743854523,,,,,,,,,,,,,,,
7,39,,,,,,,,,,,,,,,,,,,,,,0.9436212778091431,1.0,1.0,0.9442402124404907,0.9622222185134888,3.038900375366211,1.0,0.9436212778091431,1.0,0.9666666388511658,1.0,1.0
7,39,3878.71875,3898.143798828125,3895.83740234375,3897.75,0.0,2.495771884918213,0.007296091876924038,0.008608951233327389,0.0073509677313268185,0.031223878264427185,0.22910359501838684,0.5881541967391968,0.24191555380821228,0.49589648842811584,0.05500134080648422,0.05906408280134201,0.05443299934267998,0.16565284132957458,,,,,,,,,,,,,,,
8,44,,,,,,,,,,,,,,,,,,,,,,0.8714622259140015,1.0,1.0,0.8936723470687866,0.9133333563804626,2.584028959274292,1.0,0.8714622259140015,1.0,0.9088888764381409,1.0,1.0
8,44,3868.25634765625,3897.643798828125,3892.28759765625,3897.85009765625,2.5,2.4251155853271484,0.008403691463172436,0.008759081363677979,0.007810956332832575,0.031208563596010208,0.2201390266418457,0.5260334014892578,0.21734480559825897,0.4845249652862549,0.057873450219631195,0.06431055814027786,0.055959463119506836,0.1699371188879013,,,,,,,,,,,,,,,
9,49,,,,,,,,,,,,,,,,,,,9.999999747378752e-05,9.999999747378752e-05,4.04070533477352e-06,,,,,,,,,,,,
9,49,,,,,,,,,,,,,,,,,,,,,,0.9357801675796509,0.9887640476226807,0.9993543028831482,0.9414883852005005,0.9577777981758118,1.9867783784866333,0.9987360239028931,0.9357801675796509,0.9987360239028931,0.9511111378669739,1.0,0.9777777791023254
9,49,3859.31884765625,3896.89990234375,3891.356201171875,3897.324951171875,0.0,2.0589959621429443,0.008558902889490128,0.009362569078803062,0.008056677877902985,0.025821799412369728,0.22215905785560608,0.30258816480636597,0.21945178508758545,0.41569218039512634,0.060320932418107986,0.06820360571146011,0.05872377008199692,0.13280411064624786,,,,,,,,,,,,,,,
10,54,,,,,,,,,,,,,,,,,,,,,,0.9517607688903809,0.9887640476226807,0.9821256399154663,0.9543441534042358,0.9733333587646484,1.731210470199585,0.977186918258667,0.9517607688903809,0.9715023040771484,0.9822221994400024,1.0,0.9777777791023254
10,54,3853.78125,3895.85009765625,3889.887451171875,3897.46875,0.0,2.1069135665893555,0.007386916782706976,0.007443050388246775,0.007860163226723671,0.02706952765583992,0.2255021333694458,0.3244519829750061,0.23356731235980988,0.4325903356075287,0.06151263043284416,0.053522370755672455,0.06551988422870636,0.1404469758272171,,,,,,,,,,,,,,,
11,59,,,,,,,,,,,,,,,,,,,,,,0.9450294375419617,0.9887640476226807,0.9715603590011597,0.945564329624176,0.9688888788223267,1.5105229616165161,0.9711804389953613,0.9450294375419617,0.9702970385551453,0.9688888788223267,1.0,0.9777777791023254
11,59,3845.25634765625,3896.9375,3883.512451171875,3895.96875,7.5,1.9411802291870117,0.00909133069217205,0.008748038671910763,0.008272208273410797,0.0217888280749321,0.23478777706623077,0.3364413380622864,0.23202595114707947,0.33474013209342957,0.06270821392536163,0.056093037128448486,0.059841036796569824,0.10319919884204865,,,,,,,,,,,,,,,
12,64,,,,,,,,,,,,,,,,,,,,,,0.9398065209388733,0.9887640476226807,0.9711571335792542,0.9374147653579712,0.9622222185134888,1.6985875368118286,0.971007227897644,0.9398065209388733,0.9702970385551453,0.9599999785423279,1.0,0.9777777791023254
12,64,3817.387451171875,3895.331298828125,3874.581298828125,3896.18115234375,0.0,1.8943023681640625,0.009440622292459011,0.00670156255364418,0.008094422519207,0.025102725252509117,0.22974053025245667,0.254347026348114,0.2125280797481537,0.38327720761299133,0.059493761509656906,0.05033721774816513,0.053635597229003906,0.12038981914520264,,,,,,,,,,,,,,,
13,69,,,,,,,,,,,,,,,,,,,,,,0.9752269387245178,0.9890109896659851,0.9981435537338257,0.9829531311988831,0.9888888597488403,1.4888203144073486,0.9993543028831482,0.9752269387245178,0.9993543028831482,0.9866666793823242,0.97826087474823,1.0
13,69,3817.69384765625,3887.96240234375,3868.63134765625,3891.831298828125,0.0,2.1414647102355957,0.008577002212405205,0.010138126090168953,0.008687613531947136,0.019907847046852112,0.2528601288795471,0.29302310943603516,0.2508924603462219,0.40505164861679077,0.0693066269159317,0.07924549281597137,0.06899572163820267,0.13399437069892883,,,,,,,,,,,,,,,
14,74,,,,,,,,,,,,,,,,,,,,,,0.9418555498123169,1.0,1.0,0.9495304822921753,0.9577777981758118,1.5624990463256836,1.0,0.9418555498123169,1.0,0.9577777981758118,1.0,1.0
14,74,3833.77490234375,3888.94384765625,3875.93115234375,3892.63134765625,0.0,2.4707796573638916,0.009783858433365822,0.010577519424259663,0.009792735800147057,0.02939535118639469,0.26229003071784973,0.29370537400245667,0.26294997334480286,0.4805923104286194,0.08521224558353424,0.088871069252491,0.08437056839466095,0.17829373478889465,,,,,,,,,,,,,,,
15,79,,,,,,,,,,,,,,,,,,,,,,0.9570424556732178,1.0,1.0,0.9589248895645142,0.9666666388511658,1.6838730573654175,1.0,0.9570424556732178,0.9937467575073242,0.9644444584846497,1.0,1.0
15,79,3813.06884765625,3884.10009765625,3857.18115234375,3890.91259765625,0.0,1.7548986673355103,0.0075634801760315895,0.0072866082191467285,0.007906298153102398,0.014523175545036793,0.2222263067960739,0.22958378493785858,0.22822657227516174,0.3697945475578308,0.05454914644360542,0.05662185698747635,0.05720791965723038,0.09095586836338043,,,,,,,,,,,,,,,
16,84,,,,,,,,,,,,,,,,,,,,,,0.9068411588668823,0.9890109896659851,0.9993543028831482,0.9390212297439575,0.9555555582046509,1.808762550354004,0.9993543028831482,0.9068411588668823,0.994599461555481,0.9355555772781372,0.97826087474823,1.0
16,84,3831.41259765625,3884.49365234375,3872.44384765625,3892.043701171875,0.0,1.7643102407455444,0.007081170566380024,0.007608050014823675,0.00750553235411644,0.016021449118852615,0.22177724540233612,0.23540516197681427,0.22505652904510498,0.3477244973182678,0.05644489452242851,0.05888327211141586,0.057396210730075836,0.09890858829021454,,,,,,,,,,,,,,,
17,89,,,,,,,,,,,,,,,,,,,,,,0.9565833806991577,0.9887640476226807,0.9987360239028931,0.9230536818504333,0.9466666579246521,2.437314987182617,0.9987360239028931,0.9565833806991577,0.9678022265434265,0.9733333587646484,1.0,0.9777777791023254
17,89,3851.74365234375,3883.800048828125,3883.081298828125,3889.987548828125,0.0,1.935224175453186,0.0075216032564640045,0.008300986140966415,0.007864638231694698,0.02328461967408657,0.22248557209968567,0.2471754103899002,0.22646768391132355,0.39398109912872314,0.05896574258804321,0.05909604951739311,0.05865994840860367,0.12840579450130463,,,,,,,,,,,,,,,
18,94,,,,,,,,,,,,,,,,,,,,,,0.913860023021698,0.9887640476226807,0.9987360239028931,0.9642555713653564,0.9822221994400024,2.2641825675964355,0.9987360239028931,0.913860023021698,0.9975752830505371,0.9377777576446533,1.0,0.9777777791023254
18,94,3839.175048828125,3879.33740234375,3881.80615234375,3892.824951171875,0.0,2.025848388671875,0.008230896666646004,0.009172708727419376,0.008309615775942802,0.032346464693546295,0.21461045742034912,0.24695149064064026,0.22124138474464417,0.42639049887657166,0.0549875907599926,0.05644785612821579,0.05481599643826485,0.14692652225494385,,,,,,,,,,,,,,,
19,99,,,,,,,,,,,,,,,,,,,9.999999747378752e-05,9.999999747378752e-05,4.04070533477352e-06,,,,,,,,,,,,
19,99,,,,,,,,,,,,,,,,,,,,,,0.9228577613830566,0.9887640476226807,0.9987360239028931,0.9311783909797668,0.9577777981758118,2.0326852798461914,0.9987360239028931,0.9228577613830566,0.9987360239028931,0.9644444584846497,1.0,0.9777777791023254
19,99,3826.668701171875,3872.05615234375,3880.3125,3889.86865234375,0.0,2.1332411766052246,0.007991592399775982,0.008381468243896961,0.00804419256746769,0.02860802412033081,0.23276007175445557,0.2748672366142273,0.23566631972789764,0.4364713728427887,0.06623734533786774,0.06676450371742249,0.06590472161769867,0.1452682465314865,,,,,,,,,,,,,,,
20,104,,,,,,,,,,,,,,,,,,,,,,0.9386540651321411,0.9887640476226807,0.9987360239028931,0.9426204562187195,0.9666666388511658,2.0719072818756104,0.9987360239028931,0.9386540651321411,0.9981435537338257,0.9666666388511658,1.0,0.9777777791023254
20,104,3836.10009765625,3879.72509765625,3883.77490234375,3888.86865234375,0.0,2.264894962310791,0.009227171540260315,0.009380477480590343,0.009545913897454739,0.025541186332702637,0.25251322984695435,0.2701913118362427,0.25347596406936646,0.45126891136169434,0.07829072326421738,0.07563766837120056,0.07846523821353912,0.15209239721298218,,,,,,,,,,,,,,,
21,109,,,,,,,,,,,,,,,,,,,,,,0.9309924244880676,1.0,1.0,0.974708080291748,0.9844444394111633,1.574122428894043,1.0,0.9309924244880676,1.0,0.9577777981758118,1.0,1.0
21,109,3812.449951171875,3876.30615234375,3884.15625,3888.543701171875,0.0,1.848418951034546,0.008234028704464436,0.009831503033638,0.009175878018140793,0.018590161576867104,0.20980611443519592,0.22482578456401825,0.21672765910625458,0.33873051404953003,0.06538886576890945,0.06965845078229904,0.06863991916179657,0.11089837551116943,,,,,,,,,,,,,,,
22,114,,,,,,,,,,,,,,,,,,,,,,0.8606215119361877,1.0,1.0,0.9169790148735046,0.9377777576446533,3.1587390899658203,1.0,0.8606215119361877,0.9713470339775085,0.8955555558204651,1.0,1.0
22,114,3809.53125,3874.699951171875,3874.331298828125,3886.643798828125,0.0,2.2729055881500244,0.012597570195794106,0.014194960705935955,0.013249914161860943,0.02670901082456112,0.2556818127632141,0.27232709527015686,0.26016825437545776,0.39970332384109497,0.07362796366214752,0.08261071145534515,0.07631281763315201,0.1430823802947998,,,,,,,,,,,,,,,
23,119,,,,,,,,,,,,,,,,,,,,,,0.9018486142158508,1.0,1.0,0.8859992623329163,0.9333333373069763,2.2113497257232666,1.0,0.9018486142158508,1.0,0.9177777767181396,1.0,1.0
23,119,3760.199951171875,3868.043701171875,3868.449951171875,3890.43115234375,0.0,2.7883992195129395,0.01602701097726822,0.020916901528835297,0.017975781112909317,0.03211718052625656,0.29752084612846375,0.35242268443107605,0.3225560188293457,0.4538499414920807,0.08836782723665237,0.1158151775598526,0.09886094927787781,0.1603887379169464,,,,,,,,,,,,,,,
24,124,,,,,,,,,,,,,,,,,,,,,,0.8998313546180725,1.0,1.0,0.9049733281135559,0.9377777576446533,2.151033401489258,1.0,0.8998313546180725,1.0,0.9200000166893005,1.0,1.0
24,124,3743.91259765625,3836.293701171875,3862.53125,3888.731201171875,0.0,2.359102487564087,0.012292155995965004,0.011440824717283249,0.01168814580887556,0.020019108429551125,0.3043844699859619,0.33217114210128784,0.3035103380680084,0.4078962802886963,0.08401256054639816,0.08060027658939362,0.08016017824411392,0.12219665944576263,,,,,,,,,,,,,,,
25,129,,,,,,,,,,,,,,,,,,,,,,0.9034761786460876,1.0,1.0,0.9261892437934875,0.95333331823349,2.73964524269104,1.0,0.9034761786460876,1.0,0.9599999785423279,1.0,1.0
25,129,3731.91259765625,3840.331298828125,3851.512451171875,3882.949951171875,0.0,2.3661081790924072,0.011296436190605164,0.010734193958342075,0.012959311716258526,0.030186140909790993,0.271528959274292,0.28095927834510803,0.2905300259590149,0.42225179076194763,0.07648753374814987,0.07094080746173859,0.08484948426485062,0.1552008092403412,,,,,,,,,,,,,,,
26,134,,,,,,,,,,,,,,,,,,,,,,0.8944913744926453,1.0,1.0,0.9439231157302856,0.95333331823349,2.502795934677124,1.0,0.8944913744926453,1.0,0.9266666769981384,1.0,1.0
26,134,3711.41259765625,3824.875,3857.53125,3871.61865234375,0.0,2.7005887031555176,0.009842646308243275,0.015251383185386658,0.010581730864942074,0.0422639437019825,0.24261513352394104,0.35745638608932495,0.2734605669975281,0.5401329398155212,0.06749497354030609,0.09684593230485916,0.07390329241752625,0.2103683203458786,,,,,,,,,,,,,,,
27,139,,,,,,,,,,,,,,,,,,,,,,0.8698286414146423,1.0,1.0,0.9133355617523193,0.9422222375869751,2.4921393394470215,1.0,0.8698286414146423,1.0,0.8888888955116272,1.0,1.0
27,139,3760.21875,3857.94384765625,3867.581298828125,3881.39990234375,0.0,3.2984492778778076,0.020114896818995476,0.018260790035128593,0.01881934143602848,0.03895523399114609,0.3725293278694153,0.399389386177063,0.39442071318626404,0.5141627788543701,0.12516716122627258,0.11477971076965332,0.11622028052806854,0.2124306857585907,,,,,,,,,,,,,,,
28,144,,,,,,,,,,,,,,,,,,,,,,0.8502112030982971,1.0,1.0,0.8779098987579346,0.9088888764381409,3.058319091796875,1.0,0.8502112030982971,1.0,0.9066666960716248,1.0,1.0
28,144,3714.13134765625,3858.574951171875,3844.387451171875,3882.331298828125,0.0,3.2032687664031982,0.01612643338739872,0.018438296392560005,0.016611339524388313,0.02875533141195774,0.37259867787361145,0.44208407402038574,0.4102916121482849,0.5135151743888855,0.11630015075206757,0.11827117204666138,0.11584293842315674,0.18214687705039978,,,,,,,,,,,,,,,
29,149,,,,,,,,,,,,,,,,,,,9.999999747378752e-05,9.999999747378752e-05,4.04070533477352e-06,,,,,,,,,,,,
29,149,,,,,,,,,,,,,,,,,,,,,,0.8795738220214844,1.0,1.0,0.924347996711731,0.9777777791023254,1.9618237018585205,1.0,0.8795738220214844,1.0,0.9333333373069763,1.0,1.0
29,149,3757.918701171875,3862.77490234375,3872.50634765625,3879.60009765625,7.5,2.284379005432129,0.011361563578248024,0.012104631401598454,0.01183529756963253,0.016973352059721947,0.267136812210083,0.3405865430831909,0.2775464951992035,0.43656009435653687,0.07722268253564835,0.08178490400314331,0.07909759134054184,0.11248244345188141,,,,,,,,,,,,,,,
30,154,,,,,,,,,,,,,,,,,,,,,,0.9532421231269836,1.0,1.0,0.9433900117874146,0.9666666388511658,1.5234429836273193,1.0,0.9532421231269836,1.0,0.9733333587646484,1.0,1.0
30,154,3792.65625,3849.14990234375,3871.925048828125,3874.8125,0.0,1.9128824472427368,0.009106284007430077,0.009038661606609821,0.008832121267914772,0.012876495718955994,0.25468650460243225,0.24873614311218262,0.24637551605701447,0.3209823966026306,0.07682937383651733,0.0745355486869812,0.0749630555510521,0.09508921205997467,,,,,,,,,,,,,,,
31,159,,,,,,,,,,,,,,,,,,,,,,0.9161729216575623,1.0,1.0,0.9641364216804504,0.9733333587646484,1.8909434080123901,1.0,0.9161729216575623,1.0,0.95333331823349,1.0,1.0
31,159,3823.6875,3863.324951171875,3886.10009765625,3888.956298828125,0.0,2.025613307952881,0.010063265450298786,0.012882417067885399,0.009801500476896763,0.023245718330144882,0.24577347934246063,0.2631097435951233,0.24803288280963898,0.3280990719795227,0.07196246087551117,0.07579076290130615,0.07058157026767731,0.11198186874389648,,,,,,,,,,,,,,,
32,164,,,,,,,,,,,,,,,,,,,,,,0.9302817583084106,1.0,1.0,0.9452615976333618,0.9711111187934875,1.7172060012817383,1.0,0.9302817583084106,1.0,0.9577777981758118,1.0,1.0
32,164,3803.14990234375,3848.012451171875,3883.112548828125,3885.89990234375,0.0,2.0900986194610596,0.009899457916617393,0.009540779516100883,0.011333161033689976,0.019124411046504974,0.2663673758506775,0.2889016568660736,0.2800644040107727,0.3886801600456238,0.06283742189407349,0.0624714270234108,0.06814084202051163,0.11484833061695099,,,,,,,,,,,,,,,
33,169,,,,,,,,,,,,,,,,,,,,,,0.9119179248809814,1.0,1.0,0.9440149664878845,0.9666666388511658,1.9986754655838013,1.0,0.9119179248809814,1.0,0.9333333373069763,1.0,1.0
33,169,3760.987548828125,3817.38134765625,3876.706298828125,3868.88134765625,0.0,2.334012508392334,0.01036353874951601,0.011096248403191566,0.011133469641208649,0.027463603764772415,0.277940034866333,0.31629928946495056,0.2851877212524414,0.4303947985172272,0.07806982845067978,0.07594664394855499,0.07927174866199493,0.12866534292697906,,,,,,,,,,,,,,,
34,174,,,,,,,,,,,,,,,,,,,,,,0.9418053030967712,1.0,1.0,0.9767225980758667,0.9822221994400024,1.471798300743103,1.0,0.9418053030967712,1.0,0.9666666388511658,1.0,1.0
34,174,3745.231201171875,3814.94384765625,3868.875,3874.72509765625,0.0,2.167558193206787,0.00803634338080883,0.00909967441111803,0.008558308705687523,0.02079068496823311,0.25881749391555786,0.29261651635169983,0.26832273602485657,0.4132383465766907,0.07239348441362381,0.0758185088634491,0.07494805753231049,0.12790915369987488,,,,,,,,,,,,,,,
35,179,,,,,,,,,,,,,,,,,,,,,,0.9200896620750427,1.0,1.0,0.9775486588478088,0.9866666793823242,1.7625914812088013,1.0,0.9200896620750427,1.0,0.9733333587646484,1.0,1.0
35,179,3758.06884765625,3837.206298828125,3870.41259765625,3874.168701171875,0.0,2.105289936065674,0.009952870197594166,0.009911920875310898,0.011388329789042473,0.02093222551047802,0.25489169359207153,0.2426917552947998,0.25795361399650574,0.37577566504478455,0.07630470395088196,0.07149956375360489,0.07856643944978714,0.13015452027320862,,,,,,,,,,,,,,,
36,184,,,,,,,,,,,,,,,,,,,,,,0.8984315395355225,1.0,1.0,0.9513823986053467,0.9800000190734863,1.7635698318481445,1.0,0.8984315395355225,1.0,0.9688888788223267,1.0,1.0
36,184,3788.83740234375,3839.262451171875,3870.293701171875,3884.606201171875,0.0,1.9218933582305908,0.008683556690812111,0.011998804286122322,0.008635014295578003,0.023196205496788025,0.2294687032699585,0.23417317867279053,0.23217856884002686,0.36590251326560974,0.05964193493127823,0.06229404732584953,0.057355426251888275,0.11950980126857758,,,,,,,,,,,,,,,
37,189,,,,,,,,,,,,,,,,,,,,,,0.9748567342758179,1.0,1.0,0.9648147821426392,0.9888888597488403,1.6237891912460327,1.0,0.9748567342758179,1.0,0.9888888597488403,1.0,1.0
37,189,3802.393798828125,3822.168701171875,3860.612548828125,3880.324951171875,0.0,1.9783403873443604,0.009584295563399792,0.009202614426612854,0.009137419983744621,0.01787509396672249,0.24015149474143982,0.23409923911094666,0.24139566719532013,0.35563230514526367,0.07737739384174347,0.07129906117916107,0.07296742498874664,0.11738835275173187,,,,,,,,,,,,,,,
38,194,,,,,,,,,,,,,,,,,,,,,,0.9209318161010742,1.0,1.0,0.9685045480728149,0.995555579662323,1.5383961200714111,1.0,0.9209318161010742,1.0,0.9822221994400024,1.0,1.0
38,194,3831.206298828125,3866.262451171875,3874.39990234375,3892.5625,0.0,2.1314857006073,0.008296160958707333,0.010178267024457455,0.008615447208285332,0.019631708040833473,0.24369680881500244,0.28263598680496216,0.25025588274002075,0.4310051500797272,0.06829240173101425,0.07419712841510773,0.06484091281890869,0.13781145215034485,,,,,,,,,,,,,,,
39,199,,,,,,,,,,,,,,,,,,,9.999999747378752e-05,9.999999747378752e-05,4.04070533477352e-06,,,,,,,,,,,,
39,199,,,,,,,,,,,,,,,,,,,,,,0.8797036409378052,1.0,1.0,0.958123505115509,0.9911110997200012,1.9866713285446167,1.0,0.8797036409378052,1.0,0.9355555772781372,1.0,1.0
39,199,3849.03125,3872.012451171875,3880.96240234375,3896.481201171875,0.0,2.080732822418213,0.01091194711625576,0.009328006766736507,0.0109156658872962,0.017598535865545273,0.2540709972381592,0.23878416419029236,0.2532283663749695,0.3747604489326477,0.08444887399673462,0.0741637572646141,0.08078654110431671,0.11865992844104767,,,,,,,,,,,,,,,
40,204,,,,,,,,,,,,,,,,,,,,,,0.8976156115531921,1.0,1.0,0.97133469581604,0.9844444394111633,2.16707444190979,1.0,0.8976156115531921,1.0,0.9066666960716248,1.0,1.0
40,204,3832.81884765625,3855.90625,3860.512451171875,3887.53759765625,0.0,2.130364418029785,0.010772507637739182,0.01123794261366129,0.010152139700949192,0.023779815062880516,0.25857001543045044,0.26343244314193726,0.25465723872184753,0.3822239637374878,0.0728321522474289,0.07336895167827606,0.06950768083333969,0.1301756650209427,,,,,,,,,,,,,,,
41,209,,,,,,,,,,,,,,,,,,,,,,0.9358603358268738,1.0,1.0,0.9827077388763428,0.9866666793823242,1.686693549156189,1.0,0.9358603358268738,1.0,0.95333331823349,1.0,1.0
41,209,3814.77490234375,3874.59375,3859.28759765625,3891.25,0.0,2.3809056282043457,0.011049444787204266,0.012045050039887428,0.010394429787993431,0.02910558506846428,0.2780706286430359,0.31988024711608887,0.2920207381248474,0.41470497846603394,0.07848667353391647,0.07928606122732162,0.07740546762943268,0.14644990861415863,,,,,,,,,,,,,,,
42,214,,,,,,,,,,,,,,,,,,,,,,0.9334146976470947,1.0,1.0,0.9678871035575867,0.9800000190734863,1.7317568063735962,1.0,0.9334146976470947,1.0,0.9577777981758118,1.0,1.0
42,214,3816.050048828125,3884.206298828125,3862.106201171875,3895.91259765625,0.0,1.8041846752166748,0.007405837532132864,0.008429808542132378,0.007956416346132755,0.01599910296499729,0.2259342223405838,0.2393520623445511,0.23204028606414795,0.3315584063529968,0.059049952775239944,0.0625758096575737,0.060980211943387985,0.10556582361459732,,,,,,,,,,,,,,,
43,219,,,,,,,,,,,,,,,,,,,,,,0.9630079865455627,1.0,1.0,0.9640040993690491,0.9844444394111633,1.9353312253952026,1.0,0.9630079865455627,1.0,0.9733333587646484,1.0,1.0
43,219,3844.21875,3880.856201171875,3856.574951171875,3892.25,0.0,1.9517180919647217,0.008308983407914639,0.008798924274742603,0.008860176429152489,0.017694588750600815,0.24233444035053253,0.23900239169597626,0.24150733649730682,0.3681987226009369,0.06574609875679016,0.06829948723316193,0.06777928024530411,0.11935601383447647,,,,,,,,,,,,,,,
44,224,,,,,,,,,,,,,,,,,,,,,,0.9620141386985779,1.0,1.0,0.9853070974349976,0.9911110997200012,1.3414558172225952,1.0,0.9620141386985779,1.0,0.9755555391311646,1.0,1.0
44,224,3833.78759765625,3868.800048828125,3826.69384765625,3889.19384765625,0.0,1.674234390258789,0.00915068294852972,0.007209556642919779,0.008426015265285969,0.014558063820004463,0.22862665355205536,0.19862231612205505,0.22001509368419647,0.310118705034256,0.0616539791226387,0.051930464804172516,0.059023864567279816,0.08745675534009933,,,,,,,,,,,,,,,
45,229,,,,,,,,,,,,,,,,,,,,,,0.9833535552024841,1.0,1.0,0.9882612228393555,0.9933333396911621,1.1651276350021362,1.0,0.9833535552024841,1.0,0.9888888597488403,1.0,1.0
45,229,3830.43115234375,3881.96240234375,3837.99365234375,3895.143798828125,0.0,1.5309555530548096,0.007163723465055227,0.006909489631652832,0.006998980883508921,0.015666205435991287,0.19250819087028503,0.18790608644485474,0.19095930457115173,0.30574068427085876,0.04737811163067818,0.04803690314292908,0.04781065881252289,0.09184882789850235,,,,,,,,,,,,,,,
46,234,,,,,,,,,,,,,,,,,,,,,,0.9430474638938904,1.0,1.0,0.9881866574287415,0.9933333396911621,1.5000123977661133,1.0,0.9430474638938904,1.0,0.9711111187934875,1.0,1.0
46,234,3838.68115234375,3873.33740234375,3833.60009765625,3893.3125,0.0,1.8253843784332275,0.007543524261564016,0.007779517211019993,0.008267177268862724,0.019067665562033653,0.21492290496826172,0.22401376068592072,0.23090720176696777,0.37273773550987244,0.054985832422971725,0.05608747527003288,0.059519797563552856,0.11416355520486832,,,,,,,,,,,,,,,
47,239,,,,,,,,,,,,,,,,,,,,,,0.9023715257644653,1.0,1.0,0.9818459749221802,0.9866666793823242,1.972124457359314,1.0,0.9023715257644653,1.0,0.9244444370269775,1.0,1.0
47,239,3826.74365234375,3873.262451171875,3844.21875,3894.16259765625,0.0,1.7764852046966553,0.007480391766875982,0.007508153561502695,0.007543194107711315,0.022108402103185654,0.2018672227859497,0.2195388525724411,0.2091725766658783,0.349623441696167,0.05303637310862541,0.05691211670637131,0.054703302681446075,0.12188956886529922,,,,,,,,,,,,,,,
48,244,,,,,,,,,,,,,,,,,,,,,,0.9463104009628296,1.0,1.0,0.9595130085945129,0.9688888788223267,1.7256675958633423,1.0,0.9463104009628296,1.0,0.9644444584846497,1.0,1.0
48,244,3827.831298828125,3879.84375,3842.18115234375,3897.24365234375,0.0,1.8733571767807007,0.0072363861836493015,0.008836899884045124,0.008123127743601799,0.023060310631990433,0.20848789811134338,0.22417227923870087,0.2265194207429886,0.38715827465057373,0.05480610206723213,0.05604572966694832,0.056934796273708344,0.12758119404315948,,,,,,,,,,,,,,,
49,249,,,,,,,,,,,,,,,,,,,9.999999747378752e-05,9.999999747378752e-05,4.04070533477352e-06,,,,,,,,,,,,
49,249,,,,,,,,,,,,,,,,,,,,,,0.9377690553665161,1.0,1.0,0.9648745656013489,0.9755555391311646,1.5722414255142212,1.0,0.9377690553665161,1.0,0.9577777981758118,1.0,1.0
49,249,3765.606201171875,3847.393798828125,3785.137451171875,3887.081298828125,0.0,1.916724443435669,0.007591227535158396,0.008429204113781452,0.007670433260500431,0.012610184960067272,0.24349090456962585,0.2522027790546417,0.24809083342552185,0.36501365900039673,0.0707409530878067,0.07254010438919067,0.07125973701477051,0.0986698642373085,,,,,,,,,,,,,,,
